Filename,BPS,HRV,LF/HF,VLF,LF,HF
day3test1.csv,1.55368741813905,0.05536210204858664,1.9546030138178159,280.0389997666347,1155.6116207338173,591.2257438284751
day3test2.csv,1.4476247364409158,0.06771382331011894,1.6467128061010412,752.6297764052553,2019.1777974098068,1226.1869768236388
day3test3.csv,1.418458697426702,0.060767867032016906,1.037221037504639,771.1979351053718,1832.6250060964962,1766.860620669102
day3test4.csv,1.404097733401356,0.05487333187215653,1.6768938741147457,620.5812080516945,1357.1527844141874,809.3253874701202
day3test5.csv,1.465381633883522,0.043387367216466806,1.498203361564541,289.74163396677443,731.8642892144416,488.4946249554344
day3test6.csv,1.4546873258276671,0.05995377774593551,1.2596168733208286,542.8722050374244,1558.0487431185247,1236.9227311245174
day3test7.csv,1.3030984786046824,0.06122556397198547,0.7403933581038297,1145.7320441433565,1335.9397328574885,1804.3648261227945
day3test8.csv,1.268877332953412,0.06927264337189054,0.9258309962703526,608.0846274987802,1518.9690732054107,1640.654805601103
day3test9.csv,1.2272441513623413,0.09139818787256038,1.15148556195873,2955.6270989110685,3303.4185190322073,2868.83190564104
